US State,Total Number of Leads,Highest Revenue Lead,Total Revenue,Median Revenue
CA,25,Trilia,106681878.13999999,4628141.56
NY,16,Twimm,59355039.230000004,1751869.2
None,7,Voolith,47054270.14,7509579.25
MN,2,Flipstorm,6069278.62,3034639.31
NM,1,Edgeblab,1587892.9,1587892.9
DE,1,Teklist,3653283.58,3653283.58
